Crop,Total_Production,Avg_Production,Max_Production,Total_Production_Mt
Barley,51846079.0,2160253.0,13228600.0,51.846079
Maize (corn),1464929283.0,56343434.0,389694460.0,1464.929283
Rice,894427914.0,38888170.0,208063574.0,894.427914
Sorghum,66713293.0,3032422.0,11951910.0,66.713293
Soya beans,487967521.0,18767982.0,152144238.0,487.967521
Wheat,669936848.0,27914035.0,136594100.0,669.936848
